{
    "$schema": "https://schema.management.azure.com/schemas/0.1.2-preview/CreateUIDefinition.MultiVm.json#",
    "handler": "Microsoft.Azure.CreateUIDef",
    "version": "0.1.2-preview",
    "parameters": {
        "config": {
            "basics": {
                "location": {
                    "label": "Deployment Region",
                    "resourceTypes": [
                        "Microsoft.Compute/virtualMachines"
                    ],
                    "visible": true
                }
            }
        },
        "basics": [
            {
                "name": "info1",
                "type": "Microsoft.Common.InfoBox",
                "visible": true,
                "options": {
                    "icon": "None",
                    "text": "Before deploying this lab you must accept the Kali license one time in your subscription. In your Azure PowerShell Cloud Shell run the following command:\r\naz vm image terms accept --urn kali-linux:kali:kali-2025-3:latest"
                }
            },
            {
                "name": "info2",
                "type": "Microsoft.Common.InfoBox",
                "visible": true,
                "options": {
                    "icon": "None",
                    "text": "Click this box for more info on starting Azure PowerShell Cloud Shell.",
                    "uri": "https://learn.microsoft.com/en-us/azure/cloud-shell/get-started/ephemeral?tabs=azurecli"
                }
            },
            {
                "name": "info3",
                "type": "Microsoft.Common.InfoBox",
                "visible": true,
                "options": {
                    "icon": "None",
                    "text": "We recommend VMs with 2 vCPU and 8 GB memory: B2as_v2, B2s, D2als_v6, B2ms, D2ls_v6, B2als_v2, B2ls_v2, B2s_v2, D2ls_v5, D2as_v5, A2_v2. Larger sizes have higher costs. With capacity restrictions you may have to try other regions or different VM sizes."
                }
            },
            {
                "name": "vmSize",
                "type": "Microsoft.Compute.SizeSelector",
                "label": "Size",
                "toolTip": "",
                "recommendedSizes": [
                    "Standard_B2as_v2",
                    "Standard_B2s",
                    "Standard_D2als_v6",
                    "Standard_B2ms",
                    "Standard_D2ls_v6",
                    "Standard_B2als_v2",
                    "Standard_B2ls_v2",
                    "Standard_B2s_v2",
                    "Standard_D2ls_v5",
                    "Standard_D2as_v5",
                    "Standard_A2_v2"
                ],
                "options": {
                    "hideDiskTypeFilter": false
                },
                "osPlatform": "Windows",
                "visible": true
            },
            {
                "name": "vmShutdownTimeTimeZoneId",
                "type": "Microsoft.Common.DropDown",
                "label": "Time Zone for the VMs",
                "defaultValue": "(UTC-08:00) Pacific Time (US & Canada)",
                "constraints": {
                    "allowedValues": [
                        {
                            "label": "(UTC-12:00) International Date Line West",
                            "value": "Dateline Standard Time"
                        },
                        {
                            "label": "(UTC-11:00) Coordinated Universal Time-11",
                            "value": "UTC-11"
                        },
                        {
                            "label": "(UTC-10:00) Hawaii",
                            "value": "Hawaiian Standard Time"
                        },
                        {
                            "label": "(UTC-09:00) Alaska",
                            "value": "Alaskan Standard Time"
                        },
                        {
                            "label": "(UTC-08:00) Baja California",
                            "value": "Pacific Standard Time (Mexico)"
                        },
                        {
                            "label": "(UTC-08:00) Pacific Time (US & Canada)",
                            "value": "Pacific Standard Time"
                        },
                        {
                            "label": "(UTC-07:00) Arizona",
                            "value": "US Mountain Standard Time"
                        },
                        {
                            "label": "(UTC-07:00) Chihuahua, La Paz, Mazatlan",
                            "value": "Mountain Standard Time (Mexico)"
                        },
                        {
                            "label": "(UTC-07:00) Mountain Time (US & Canada)",
                            "value": "Mountain Standard Time"
                        },
                        {
                            "label": "(UTC-06:00) Central America",
                            "value": "Central America Standard Time"
                        },
                        {
                            "label": "(UTC-06:00) Central Time (US & Canada)",
                            "value": "Central Standard Time"
                        },
                        {
                            "label": "(UTC-06:00) Guadalajara, Mexico City, Monterrey",
                            "value": "Central Standard Time (Mexico)"
                        },
                        {
                            "label": "(UTC-06:00) Saskatchewan",
                            "value": "Canada Central Standard Time"
                        },
                        {
                            "label": "(UTC-05:00) Bogota, Lima, Quito, Rio Branco",
                            "value": "SA Pacific Standard Time"
                        },
                        {
                            "label": "(UTC-05:00) Chetumal",
                            "value": "Eastern Standard Time (Mexico)"
                        },
                        {
                            "label": "(UTC-05:00) Eastern Time (US & Canada)",
                            "value": "Eastern Standard Time"
                        },
                        {
                            "label": "(UTC-05:00) Indiana (East)",
                            "value": "US Eastern Standard Time"
                        },
                        {
                            "label": "(UTC-04:30) Caracas",
                            "value": "Venezuela Standard Time"
                        },
                        {
                            "label": "(UTC-04:00) Asuncion",
                            "value": "Paraguay Standard Time"
                        },
                        {
                            "label": "(UTC-04:00) Atlantic Time (Canada)",
                            "value": "Atlantic Standard Time"
                        },
                        {
                            "label": "(UTC-04:00) Cuiaba",
                            "value": "Central Brazilian Standard Time"
                        },
                        {
                            "label": "(UTC-04:00) Georgetown, La Paz, Manaus, San Juan",
                            "value": "SA Western Standard Time"
                        },
                        {
                            "label": "(UTC-03:30) Newfoundland",
                            "value": "Newfoundland Standard Time"
                        },
                        {
                            "label": "(UTC-03:00) Brasilia",
                            "value": "E. South America Standard Time"
                        },
                        {
                            "label": "(UTC-03:00) Cayenne, Fortaleza",
                            "value": "SA Eastern Standard Time"
                        },
                        {
                            "label": "(UTC-03:00) City of Buenos Aires",
                            "value": "Argentina Standard Time"
                        },
                        {
                            "label": "(UTC-03:00) Greenland",
                            "value": "Greenland Standard Time"
                        },
                        {
                            "label": "(UTC-03:00) Montevideo",
                            "value": "Montevideo Standard Time"
                        },
                        {
                            "label": "(UTC-03:00) Salvador",
                            "value": "Bahia Standard Time"
                        },
                        {
                            "label": "(UTC-03:00) Santiago",
                            "value": "Pacific SA Standard Time"
                        },
                        {
                            "label": "(UTC-02:00) Coordinated Universal Time-02",
                            "value": "UTC-02"
                        },
                        {
                            "label": "(UTC-01:00) Azores",
                            "value": "Azores Standard Time"
                        },
                        {
                            "label": "(UTC-01:00) Cabo Verde Is.",
                            "value": "Cape Verde Standard Time"
                        },
                        {
                            "label": "(UTC) Casablanca",
                            "value": "Morocco Standard Time"
                        },
                        {
                            "label": "(UTC) Coordinated Universal Time",
                            "value": "UTC"
                        },
                        {
                            "label": "(UTC) Dublin, Edinburgh, Lisbon, London",
                            "value": "GMT Standard Time"
                        },
                        {
                            "label": "(UTC) Monrovia, Reykjavik",
                            "value": "Greenwich Standard Time"
                        },
                        {
                            "label": "(UTC+01:00) Amsterdam, Berlin, Bern, Rome, Stockholm, Vienna",
                            "value": "W. Europe Standard Time"
                        },
                        {
                            "label": "(UTC+01:00) Belgrade, Bratislava, Budapest, Ljubljana, Prague",
                            "value": "Central Europe Standard Time"
                        },
                        {
                            "label": "(UTC+01:00) Brussels, Copenhagen, Madrid, Paris",
                            "value": "Romance Standard Time"
                        },
                        {
                            "label": "(UTC+01:00) Sarajevo, Skopje, Warsaw, Zagreb",
                            "value": "Central European Standard Time"
                        },
                        {
                            "label": "(UTC+01:00) West Central Africa",
                            "value": "W. Central Africa Standard Time"
                        },
                        {
                            "label": "(UTC+01:00) Windhoek",
                            "value": "Namibia Standard Time"
                        },
                        {
                            "label": "(UTC+02:00) Amman",
                            "value": "Jordan Standard Time"
                        },
                        {
                            "label": "(UTC+02:00) Athens, Bucharest",
                            "value": "GTB Standard Time"
                        },
                        {
                            "label": "(UTC+02:00) Beirut",
                            "value": "Middle East Standard Time"
                        },
                        {
                            "label": "(UTC+02:00) Cairo",
                            "value": "Egypt Standard Time"
                        },
                        {
                            "label": "(UTC+02:00) Damascus",
                            "value": "Syria Standard Time"
                        },
                        {
                            "label": "(UTC+02:00) E. Europe",
                            "value": "E. Europe Standard Time"
                        },
                        {
                            "label": "(UTC+02:00) Harare, Pretoria",
                            "value": "South Africa Standard Time"
                        },
                        {
                            "label": "(UTC+02:00) Helsinki, Kyiv, Riga, Sofia, Tallinn, Vilnius",
                            "value": "FLE Standard Time"
                        },
                        {
                            "label": "(UTC+02:00) Istanbul",
                            "value": "Turkey Standard Time"
                        },
                        {
                            "label": "(UTC+02:00) Jerusalem",
                            "value": "Israel Standard Time"
                        },
                        {
                            "label": "(UTC+02:00) Kaliningrad (RTZ 1)",
                            "value": "Kaliningrad Standard Time"
                        },
                        {
                            "label": "(UTC+02:00) Tripoli",
                            "value": "Libya Standard Time"
                        },
                        {
                            "label": "(UTC+03:00) Baghdad",
                            "value": "Arabic Standard Time"
                        },
                        {
                            "label": "(UTC+03:00) Kuwait, Riyadh",
                            "value": "Arab Standard Time"
                        },
                        {
                            "label": "(UTC+03:00) Minsk",
                            "value": "Belarus Standard Time"
                        },
                        {
                            "label": "(UTC+03:00) Moscow, St. Petersburg, Volgograd (RTZ 2)",
                            "value": "Russian Standard Time"
                        },
                        {
                            "label": "(UTC+03:00) Nairobi",
                            "value": "E. Africa Standard Time"
                        },
                        {
                            "label": "(UTC+03:30) Tehran",
                            "value": "Iran Standard Time"
                        },
                        {
                            "label": "(UTC+04:00) Abu Dhabi, Muscat",
                            "value": "Arabian Standard Time"
                        },
                        {
                            "label": "(UTC+04:00) Baku",
                            "value": "Azerbaijan Standard Time"
                        },
                        {
                            "label": "(UTC+04:00) Izhevsk, Samara (RTZ 3)",
                            "value": "Russia Time Zone 3"
                        },
                        {
                            "label": "(UTC+04:00) Port Louis",
                            "value": "Mauritius Standard Time"
                        },
                        {
                            "label": "(UTC+04:00) Tbilisi",
                            "value": "Georgian Standard Time"
                        },
                        {
                            "label": "(UTC+04:00) Yerevan",
                            "value": "Caucasus Standard Time"
                        },
                        {
                            "label": "(UTC+04:30) Kabul",
                            "value": "Afghanistan Standard Time"
                        },
                        {
                            "label": "(UTC+05:00) Ashgabat, Tashkent",
                            "value": "West Asia Standard Time"
                        },
                        {
                            "label": "(UTC+05:00) Ekaterinburg (RTZ 4)",
                            "value": "Ekaterinburg Standard Time"
                        },
                        {
                            "label": "(UTC+05:00) Islamabad, Karachi",
                            "value": "Pakistan Standard Time"
                        },
                        {
                            "label": "(UTC+05:30) Chennai, Kolkata, Mumbai, New Delhi",
                            "value": "India Standard Time"
                        },
                        {
                            "label": "(UTC+05:30) Sri Jayawardenepura",
                            "value": "Sri Lanka Standard Time"
                        },
                        {
                            "label": "(UTC+05:45) Kathmandu",
                            "value": "Nepal Standard Time"
                        },
                        {
                            "label": "(UTC+06:00) Astana",
                            "value": "Central Asia Standard Time"
                        },
                        {
                            "label": "(UTC+06:00) Dhaka",
                            "value": "Bangladesh Standard Time"
                        },
                        {
                            "label": "(UTC+06:00) Novosibirsk (RTZ 5)",
                            "value": "N. Central Asia Standard Time"
                        },
                        {
                            "label": "(UTC+06:30) Yangon (Rangoon)",
                            "value": "Myanmar Standard Time"
                        },
                        {
                            "label": "(UTC+07:00) Bangkok, Hanoi, Jakarta",
                            "value": "SE Asia Standard Time"
                        },
                        {
                            "label": "(UTC+07:00) Krasnoyarsk (RTZ 6)",
                            "value": "North Asia Standard Time"
                        },
                        {
                            "label": "(UTC+08:00) Beijing, Chongqing, Hong Kong, Urumqi",
                            "value": "China Standard Time"
                        },
                        {
                            "label": "(UTC+08:00) Irkutsk (RTZ 7)",
                            "value": "North Asia East Standard Time"
                        },
                        {
                            "label": "(UTC+08:00) Kuala Lumpur, Singapore",
                            "value": "Singapore Standard Time"
                        },
                        {
                            "label": "(UTC+08:00) Perth",
                            "value": "W. Australia Standard Time"
                        },
                        {
                            "label": "(UTC+08:00) Taipei",
                            "value": "Taipei Standard Time"
                        },
                        {
                            "label": "(UTC+08:00) Ulaanbaatar",
                            "value": "Ulaanbaatar Standard Time"
                        },
                        {
                            "label": "(UTC+09:00) Osaka, Sapporo, Tokyo",
                            "value": "Tokyo Standard Time"
                        },
                        {
                            "label": "(UTC+09:00) Seoul",
                            "value": "Korea Standard Time"
                        },
                        {
                            "label": "(UTC+09:00) Yakutsk (RTZ 8)",
                            "value": "Yakutsk Standard Time"
                        },
                        {
                            "label": "(UTC+09:30) Adelaide",
                            "value": "Cen. Australia Standard Time"
                        },
                        {
                            "label": "(UTC+09:30) Darwin",
                            "value": "AUS Central Standard Time"
                        },
                        {
                            "label": "(UTC+10:00) Brisbane",
                            "value": "E. Australia Standard Time"
                        },
                        {
                            "label": "(UTC+10:00) Canberra, Melbourne, Sydney",
                            "value": "AUS Eastern Standard Time"
                        },
                        {
                            "label": "(UTC+10:00) Guam, Port Moresby",
                            "value": "West Pacific Standard Time"
                        },
                        {
                            "label": "(UTC+10:00) Hobart",
                            "value": "Tasmania Standard Time"
                        },
                        {
                            "label": "(UTC+10:00) Magadan",
                            "value": "Magadan Standard Time"
                        },
                        {
                            "label": "(UTC+10:00) Vladivostok, Magadan (RTZ 9)",
                            "value": "Vladivostok Standard Time"
                        },
                        {
                            "label": "(UTC+11:00) Chokurdakh (RTZ 10)",
                            "value": "Russia Time Zone 10"
                        },
                        {
                            "label": "(UTC+11:00) Solomon Is., New Caledonia",
                            "value": "Central Pacific Standard Time"
                        },
                        {
                            "label": "(UTC+12:00) Anadyr, Petropavlovsk-Kamchatsky (RTZ 11)",
                            "value": "Russia Time Zone 11"
                        },
                        {
                            "label": "(UTC+12:00) Auckland, Wellington",
                            "value": "New Zealand Standard Time"
                        },
                        {
                            "label": "(UTC+12:00) Coordinated Universal Time+12",
                            "value": "UTC+12"
                        },
                        {
                            "label": "(UTC+12:00) Fiji",
                            "value": "Fiji Standard Time"
                        },
                        {
                            "label": "(UTC+13:00) Nuku'alofa",
                            "value": "Tonga Standard Time"
                        },
                        {
                            "label": "(UTC+13:00) Samoa",
                            "value": "Samoa Standard Time"
                        },
                        {
                            "label": "(UTC+14:00) Kiritimati Island",
                            "value": "Line Islands Standard Time"
                        }
                    ],
                    "required": true
                },
                "visible": true
            },
            {
                "name": "vmShutdownTime",
                "type": "Microsoft.Common.DropDown",
                "label": "Auto-Shutdown time",
                "defaultValue": "20:00",
                "constraints": {
                    "allowedValues": [
                        {
                            "label": "00:00",
                            "value": "00:00"
                        },
                        {
                            "label": "01:00",
                            "value": "01:00"
                        },
                        {
                            "label": "02:00",
                            "value": "02:00"
                        },
                        {
                            "label": "03:00",
                            "value": "03:00"
                        },
                        {
                            "label": "04:00",
                            "value": "04:00"
                        },
                        {
                            "label": "05:00",
                            "value": "05:00"
                        },
                        {
                            "label": "06:00",
                            "value": "06:00"
                        },
                        {
                            "label": "07:00",
                            "value": "07:00"
                        },
                        {
                            "label": "08:00",
                            "value": "08:00"
                        },
                        {
                            "label": "09:00",
                            "value": "09:00"
                        },
                        {
                            "label": "10:00",
                            "value": "10:00"
                        },
                        {
                            "label": "11:00",
                            "value": "11:00"
                        },
                        {
                            "label": "12:00",
                            "value": "12:00"
                        },
                        {
                            "label": "13:00",
                            "value": "13:00"
                        },
                        {
                            "label": "14:00",
                            "value": "14:00"
                        },
                        {
                            "label": "15:00",
                            "value": "15:00"
                        },
                        {
                            "label": "16:00",
                            "value": "16:00"
                        },
                        {
                            "label": "17:00",
                            "value": "17:00"
                        },
                        {
                            "label": "18:00",
                            "value": "18:00"
                        },
                        {
                            "label": "19:00",
                            "value": "19:00"
                        },
                        {
                            "label": "20:00",
                            "value": "20:00"
                        },
                        {
                            "label": "21:00",
                            "value": "21:00"
                        },
                        {
                            "label": "22:00",
                            "value": "22:00"
                        },
                        {
                            "label": "23:00",
                            "value": "23:00"
                        }
                    ],
                    "required": true
                },
                "visible": true
            }
        ],
        "steps": [
            {}
        ],
        "outputs": {
            "location": "[location()]",
            "vmSize": "[basics('vmSize')]",
            "vmShutdownTimeTimeZoneId": "[basics('vmShutdownTimeTimeZoneId')]",
            "vmShutdownTime": "[basics('vmShutdownTime')]"
        }
    }
}